page,description,telegram_name,telegram_members_count,telegram_OnlineMembers_count
https://t.me/TrustPad,The #1 Multi-Chain ‚õì Launchpad Platform. ,TrustPad Official Group - $TPAD,148051,9991
https://t.me/garitokenofficial,The Official/Real Gari Token Group üöÄ,GARI Token Official Group(Beware of SCAM groups),160235,8173
https://t.me/HarmonyLauncher,Harmony Launcher is the first Decentralized IGO + IDO Incubation Launchpad on Harmony Blockchain ,Harmony Launcher,95867,8049
https://t.me/HarmonyLauncher,Harmony Launcher is the first Decentralized IGO + IDO Incubation Launchpad on Harmony Blockchain ,Harmony Launcher,95867,8049
https://t.me/polkafoundry,The One-stop Production Hub for DeFi Applications on Polkadot,Polkafoundry/RedKite Global Chat,154326,8956
https://t.me/BloktopiaChat,Bloktopia.com | The Virtual Crypto World,Bloktopia | Official Chat,104990,8102
https://t.me/BloktopiaChat,Bloktopia.com | The Virtual Crypto World,Bloktopia | Official Chat,104990,8102
https://t.me/Bullieverse,,Bullieverse Official Chat,129422,4344
https://t.me/SpaceCryptoGlobal,,Space Crypto Global 1,155553,4810
https://t.me/sidus_heroes,A Futuristic play to earn NFT MMORPG with an amazing blockchain journey full of adventures and opportunities.,SIDUS HEROES,101222,6885
https://t.me/adroversegroup,‚úÖ This is the Official Adroverse Discussion Group.,ADROVERSE OFFICIAL GROUP,152549,4725
https://t.me/ImpossibleFinance,"Official Impossible Finance English Telegram Group, admin will NEVER pm you first, NO PRIVATE SALE OF IF. ",Impossible Finance,101030,6801
https://t.me/solchicksnft,Please confirm you are on our official Telegram website by visiting our website. ,SolChicks OFFICIAL,144830,7105
https://t.me/solchicksnft,Please confirm you are on our official Telegram website by visiting our website. ,SolChicks OFFICIAL,144830,7105
https://t.me/lunarush_official,üî•üî•üî• Luna Rush - The biggest blockchain idle RPG,Luna Rush Global Official,109899,4350
https://t.me/affynofficial,Website: www.Affyn.com,Affyn Official,94778,3133
https://t.me/onesolcommunity,Official 1SOL community group,1SOL Community,124907,5758
https://t.me/onesolcommunity,Official 1SOL community group,1SOL Community,124907,5758
https://t.me/ebgame_global,Business contact: ,Endless Battlefield Global,94850,3323
https://t.me/wallstreetbets,WallStreetBets -- WSBDApp $WSB,WallStreetBets üíéüôåüèª,69596,5526
https://t.me/symbiosis_finance,A multichain liquidity protocol.,Symbiosis üëæ Community,65107,2808
https://t.me/mintlayer,Website: https://www.mintlayer.org,Mintlayer Official Community,34352,5616
https://t.me/mintlayer,Website: https://www.mintlayer.org,Mintlayer Official Community,34352,5616
https://t.me/acyfinance,ACY PROTOCOL is a decentralized crypto trading protocol that enables the most profitable operation.,ACY Finance Official Group,115163,2693
https://t.me/solice_io_chat,Official community chat of Solice.,Solice Official Community,71925,4696
